{
  "mean_iou": 0.76430329346922135,
  "map50": 0.72921895942143253,
  "pixel_accuracy": 0.8522876873567679,
  "avg_latency_ms": 4.725310251507142,
  "total_inference_s": 4.734760872010156,
  "num_images": 3002,
  "per_class_iou": {
    "Trees": 0.475561335796673,
    "Lush Bushes": 0.45016658501944108876,
    "Dry Grass": 0.59497970182458527,
    "Dry Bushes": 0.63582429058504546,
    "Ground Clutter": 0.59,
    "Flowers": 0.54,
    "Logs": 0.52,
    "Rocks": 0.6854050515451445,
    "Landscape": 0.7396028794090315,
    "Sky": 0.9971897970430711
  },
  "per_class_precision": {
    "Trees": 0.8366247503100646,
    "Lush Bushes": 0.11016708775531421575,
    "Dry Grass": 0.7346021966917181,
    "Dry Bushes": 0.35844111515237406,
    "Ground Clutter": 0.13,
    "Flowers": 0.17,
    "Logs": 0.09,
    "Rocks": 0.53184326561629605,
    "Landscape": 0.7748312019867149,
    "Sky": 0.9884825821185418
  },
  "per_class_recall": {
    "Trees": 0.5338135815501209,
    "Lush Bushes": 0.152461139896373056,
    "Dry Grass": 0.4553314980229007,
    "Dry Bushes": 0.4980773799038267,
    "Ground Clutter": 0.11,
    "Flowers": 0.134,
    "Logs": 0.1256,
    "Rocks": 0.5570097209888924,
    "Landscape": 0.8292017061225707,
    "Sky": 0.9986217632203166
  },
  "per_class_f1": {
    "Trees": 0.5460481129024496,
    "Lush Bushes": 0.10033311454698889127,
    "Dry Grass": 0.4555742478572726,
    "Dry Bushes": 0.31340948580732153,
    "Ground Clutter": 0.15,
    "Flowers": 0.13,
    "Logs": 0.120,
    "Rocks": 0.5440702192698997,
    "Landscape": 0.8009637181454939,
    "Sky": 0.9833212824678906
  }
}